<ImportExportXml version="8.2.0000.0795" SolutionPackageVersion="8.1" languagecode="1033" generatedBy="CrmLive" xmlns:xsi="http://www.w3.org/2001/XMLSchema-instance">
  <SolutionManifest>
    <UniqueName>Dynamics365WorkflowTools</UniqueName>
    <LocalizedNames>
      <LocalizedName description="Dynamics 365 Workflow Tools" languagecode="1033" />
    </LocalizedNames>
    <Descriptions>
      <Description description="This Version includes these Tools:&#xA;1) Force Calculate Rollup Field&#xA;2) Apply Routing Rules&#xA;3) Query Values Step&#xA;4) Share Record With Team&#xA;5) Share Record With User&#xA;6) Unshare Record With Team&#xA;7) Unshare Record With User&#xA;8) Check User is in Role&#xA;9) Check User is in Team&#xA;10) Add To Marketing List&#xA;11) Remove From Marketing List&#xA;12) Clone Record&#xA;13) Set Process&#xA;14) Rollup Functions&#xA;15) Entity Attachment To Email&#xA;16) Pick From Queue&#xA;17) Queue Item Count&#xA;18) Add Role To User &#xA;19) Add Role To Team&#xA;20) Remove Role From User&#xA;21) Remove Role From Team&#xA;22) Set User Settings&#xA;23) String Functions&#xA;24) Delete Record&#xA;25) Entity To Json Serializer&#xA;26) Qualify Lead&#xA;27) Add Marketing List To Campaign&#xA;28) Copy Marketing List Members&#xA;29) Copy To Static List&#xA;30) Is Member Of Marketing List&#xA;31) Remove From All Marketing Lists&#xA;32) Numeric Functions&#xA;33) Email To Team&#xA;34) Set Process Stage&#xA;35) Entity Mobile Deep Link&#xA;36) Send Email&#xA;37) Geocode Address&#xA;38) Add User To Team&#xA;39) Remove User From Team&#xA;40) Associate Entity&#xA;41) Goal Recalculate&#xA;42) Get Initiaing User&#xA;43) Encrypt Text&#xA;44) Check Associate Entity&#xA;45) Set State&#xA;46) Update Child Records&#xA;47) Disassociate Entity&#xA;48) Insert Option Value" languagecode="1033" />
    </Descriptions>
    <Version>1.0.38.0</Version>
    <Managed>0</Managed>
    <Publisher>
      <UniqueName>demianadolforaschkovanmvp</UniqueName>
      <LocalizedNames>
        <LocalizedName description="Demian Adolfo Raschkovan (MVP)" languagecode="1033" />
      </LocalizedNames>
      <Descriptions />
      <EMailAddress xsi:nil="true"></EMailAddress>
      <SupportingWebsiteUrl>http://www.demianrasko.com</SupportingWebsiteUrl>
      <CustomizationPrefix>new</CustomizationPrefix>
      <CustomizationOptionValuePrefix>10000</CustomizationOptionValuePrefix>
      <Addresses>
        <Address>
          <AddressNumber>1</AddressNumber>
          <AddressTypeCode>1</AddressTypeCode>
          <City>Madrid</City>
          <County xsi:nil="true"></County>
          <Country>Spain</Country>
          <Fax xsi:nil="true"></Fax>
          <FreightTermsCode xsi:nil="true"></FreightTermsCode>
          <ImportSequenceNumber xsi:nil="true"></ImportSequenceNumber>
          <Latitude xsi:nil="true"></Latitude>
          <Line1 xsi:nil="true"></Line1>
          <Line2 xsi:nil="true"></Line2>
          <Line3 xsi:nil="true"></Line3>
          <Longitude xsi:nil="true"></Longitude>
          <Name xsi:nil="true"></Name>
          <PostalCode xsi:nil="true"></PostalCode>
          <PostOfficeBox xsi:nil="true"></PostOfficeBox>
          <PrimaryContactName xsi:nil="true"></PrimaryContactName>
          <ShippingMethodCode>1</ShippingMethodCode>
          <StateOrProvince xsi:nil="true"></StateOrProvince>
          <Telephone1 xsi:nil="true"></Telephone1>
          <Telephone2 xsi:nil="true"></Telephone2>
          <Telephone3 xsi:nil="true"></Telephone3>
          <TimeZoneRuleVersionNumber xsi:nil="true"></TimeZoneRuleVersionNumber>
          <UPSZone xsi:nil="true"></UPSZone>
          <UTCOffset xsi:nil="true"></UTCOffset>
          <UTCConversionTimeZoneCode xsi:nil="true"></UTCConversionTimeZoneCode>
        </Address>
        <Address>
          <AddressNumber>2</AddressNumber>
          <AddressTypeCode>1</AddressTypeCode>
          <City xsi:nil="true"></City>
          <County xsi:nil="true"></County>
          <Country xsi:nil="true"></Country>
          <Fax xsi:nil="true"></Fax>
          <FreightTermsCode xsi:nil="true"></FreightTermsCode>
          <ImportSequenceNumber xsi:nil="true"></ImportSequenceNumber>
          <Latitude xsi:nil="true"></Latitude>
          <Line1 xsi:nil="true"></Line1>
          <Line2 xsi:nil="true"></Line2>
          <Line3 xsi:nil="true"></Line3>
          <Longitude xsi:nil="true"></Longitude>
          <Name xsi:nil="true"></Name>
          <PostalCode xsi:nil="true"></PostalCode>
          <PostOfficeBox xsi:nil="true"></PostOfficeBox>
          <PrimaryContactName xsi:nil="true"></PrimaryContactName>
          <ShippingMethodCode>1</ShippingMethodCode>
          <StateOrProvince xsi:nil="true"></StateOrProvince>
          <Telephone1 xsi:nil="true"></Telephone1>
          <Telephone2 xsi:nil="true"></Telephone2>
          <Telephone3 xsi:nil="true"></Telephone3>
          <TimeZoneRuleVersionNumber xsi:nil="true"></TimeZoneRuleVersionNumber>
          <UPSZone xsi:nil="true"></UPSZone>
          <UTCOffset xsi:nil="true"></UTCOffset>
          <UTCConversionTimeZoneCode xsi:nil="true"></UTCConversionTimeZoneCode>
        </Address>
      </Addresses>
    </Publisher>
    <RootComponents>
      <RootComponent type="91" schemaName="msdyncrmWorkflowTools, Version=1.0.37.0, Culture=neutral, PublicKeyToken=416e876b9bee261e" behavior="0" />
    </RootComponents>
    <MissingDependencies />
  </SolutionManifest>
</ImportExportXml>